Individual,B124,,B126,,B96,,BT10,,BT30,,BTMS0044,,BTMS0059,,BTMS0062,,BTMS0066,,BTMS0083,,BTMS0086,
18-10_H03.fsa,227,229,149,149,235,241,151,155,179,185,263,263,348,356,256,286,146,155,269,287,269,269
18-12_B04.fsa,229,229,147,147,241,243,145,151,185,194,263,268,348,360,266,268,146,146,279,291,263,269
18-13_C04.fsa,233,233,147,149,237,243,151,155,182,194,263,271,344,348,266,274,149,158,275,277,269,277
18-14_D04.fsa,229,231,147,147,241,243,151,153,194,194,263,263,344,356,250,270,152,158,271,277,269,269
18-15_E04.fsa,229,229,147,149,241,241,145,153,188,188,263,263,344,348,280,294,149,152,285,293,269,277
18-16_F04.fsa,231,231,147,149,0,0,151,151,179,188,259,263,0,0,246,270,152,155,0,0,269,269
18-17_G04.fsa,225,231,147,147,241,241,145,155,182,188,256,263,352,356,268,276,146,152,269,275,269,269
18-18_H04.fsa,229,229,149,151,241,243,145,153,185,188,265,265,343,352,246,260,146,152,277,279,263,269
18-1_G02.fsa,229,233,147,147,241,245,151,155,188,188,263,263,352,360,264,270,152,152,0,0,263,269
18-20_B05.fsa,229,229,147,149,243,245,149,151,188,188,256,263,344,360,244,246,146,158,285,295,269,269
18-21_C05.fsa,227,229,147,147,241,245,149,149,188,188,265,268,344,344,246,270,149,158,275,297,263,269
18-22_D05.fsa,229,231,145,147,243,243,145,155,179,188,256,263,360,360,272,278,152,158,279,281,269,269
18-23_E05.fsa,229,231,147,147,237,241,149,149,182,188,263,263,348,356,264,303,149,152,279,285,269,269
18-24_F05.fsa,229,229,147,149,243,249,151,155,185,188,263,263,348,356,252,274,149,149,269,269,269,269
18-25_G05.fsa,229,229,147,149,241,241,145,151,188,188,263,263,356,360,256,280,152,158,279,279,269,269
18-26_H05.fsa,227,229,149,149,241,247,145,151,185,188,263,263,352,356,268,268,152,152,273,295,269,269
18-28_B06.fsa,231,231,147,149,241,243,151,155,182,188,263,271,348,348,262,270,146,149,277,279,269,269
18-2_H02.fsa,229,231,145,149,237,243,151,151,182,188,263,268,336,348,260,260,149,152,271,275,263,269
18-3_A03.fsa,227,233,147,149,239,241,151,151,188,194,263,265,356,356,246,254,152,152,277,285,269,269
18-4_B03.fsa,229,229,147,149,239,243,145,163,185,188,263,265,352,360,230,244,149,155,285,291,269,269
18-5_C03.fsa,229,229,147,149,235,243,149,149,185,188,263,271,352,356,254,258,128,152,277,283,269,271
18-6_D03.fsa,227,231,147,149,235,237,153,155,188,188,263,263,344,352,270,292,152,152,285,289,263,269
18-7_E03.fsa,229,233,149,149,235,241,155,155,185,188,263,271,348,360,274,274,149,158,273,277,269,269
18-8_F03.fsa,225,231,147,147,241,243,151,157,185,188,268,271,348,352,254,280,149,152,279,285,269,271
18-9_G03.fsa,229,229,147,147,239,247,151,157,182,188,259,271,352,368,262,266,146,158,277,287,269,269
2-17_A01.fsa,227,227,147,147,237,241,151,155,188,188,263,263,344,364,254,274,152,152,269,271,269,269
2-18_B01.fsa,229,233,147,147,241,241,145,151,188,188,263,263,348,360,270,270,152,152,275,287,269,271
2-19_C01.fsa,229,233,147,149,237,241,151,159,188,188,263,271,348,352,260,270,152,155,275,277,269,269
2-20_D01.fsa,227,229,147,149,239,241,151,163,185,194,263,263,356,364,292,292,152,158,279,281,269,269
2-21_E01.fsa,231,231,147,147,237,241,151,151,188,188,259,263,344,348,258,258,149,164,269,287,269,269
2-22_F01.fsa,231,231,145,149,241,241,151,161,188,188,263,263,352,356,244,296,161,161,273,295,263,269
2-23_G01.fsa,227,233,147,147,243,245,149,149,185,188,259,263,352,356,244,274,146,155,273,273,269,271
2-24_H01.fsa,229,229,147,149,235,243,151,151,188,197,263,263,344,348,266,278,149,149,273,281,269,269
2-25_A02.fsa,229,229,147,149,241,241,145,155,179,185,263,263,348,352,260,286,152,155,279,281,269,271
2-26_B02.fsa,235,235,143,143,251,253,129,131,185,194,0,0,0,0,290,305,128,128,0,0,285,285
2-27_C02.fsa,229,231,147,147,241,241,151,155,185,188,263,263,348,356,246,280,146,146,277,279,269,269
2-28_D02.fsa,229,231,147,147,237,241,145,153,188,194,265,271,344,352,250,256,146,152,269,279,269,269
2-29_E02.fsa,233,233,145,147,241,245,145,151,179,188,263,263,344,360,262,286,149,158,279,279,269,269
2-30_F02.fsa,229,231,147,147,241,243,149,149,185,188,263,263,352,364,248,280,149,152,291,293,263,269
36-10_D03.fsa,227,231,147,149,241,247,155,157,185,188,263,265,356,356,252,252,149,149,281,287,269,271
36-11_E03.fsa,235,239,143,143,249,255,129,131,191,194,320,320,0,0,286,298,128,128,0,0,285,285
36-12_F03.fsa,229,231,147,149,241,241,151,151,185,188,263,263,356,360,244,248,149,158,269,277,263,269
36-13_G03.fsa,227,227,147,149,235,241,143,151,188,188,263,263,360,360,264,268,146,152,279,287,271,271
36-14_H03.fsa,229,229,147,147,239,245,151,153,188,188,263,268,344,360,244,274,146,152,265,269,269,269
36-15_A04.fsa,229,231,149,149,237,241,145,151,188,188,256,263,352,360,254,272,149,152,279,291,269,269
36-16_B04.fsa,227,229,145,149,241,241,149,149,182,188,256,263,348,352,250,268,152,152,269,287,269,271
36-17_C04.fsa,229,231,147,149,235,251,151,155,188,188,263,263,352,360,270,286,149,149,269,277,263,269
36-18_D04.fsa,231,235,141,147,241,241,149,149,185,188,265,268,348,360,274,292,146,152,271,285,269,269
36-19_E04.fsa,229,233,0,0,0,0,145,155,185,185,263,268,0,0,260,262,152,152,0,0,263,271
36-20_F04.fsa,227,231,141,147,243,243,153,153,188,188,263,271,344,348,254,264,152,161,277,279,269,269
36-21_G04.fsa,217,229,149,149,241,249,145,151,179,182,259,263,344,352,274,292,0,0,0,0,269,269
36-22_H04.fsa,229,231,147,149,243,249,151,155,179,188,256,265,348,364,292,296,146,152,277,281,269,269
36-23_A05.fsa,229,231,147,149,237,245,151,155,179,188,263,263,348,356,236,264,152,161,281,283,269,271
36-24_B05.fsa,229,229,147,147,235,241,145,151,185,188,263,263,348,348,250,264,146,158,269,289,269,271
36-25_C05.fsa,227,231,149,149,239,249,151,151,185,188,263,265,344,348,266,272,152,152,281,297,269,269
36-26_D05.fsa,229,231,145,149,235,241,145,151,188,188,263,263,360,372,260,266,149,152,279,285,269,269
36-27_E05.fsa,229,231,147,149,241,247,151,151,179,197,259,268,352,360,244,250,149,149,277,289,263,271
36-28_F05.fsa,227,229,147,147,243,249,155,157,188,188,263,263,352,352,254,268,149,152,279,283,269,269
36-29_G05.fsa,227,229,147,147,235,247,149,149,182,188,263,263,352,360,232,262,152,167,269,279,269,269
36-2_D02.fsa,229,229,147,149,241,241,151,151,188,188,263,263,348,356,250,292,128,158,279,283,269,271
36-30_H05.fsa,229,229,147,149,241,245,151,153,188,188,263,263,348,352,246,254,149,155,273,295,269,269
36-31_A06.fsa,229,229,147,149,235,241,149,153,188,197,263,271,344,356,242,274,146,146,277,295,269,269
36-32_B06.fsa,229,233,141,141,241,241,151,169,182,188,263,263,348,352,256,288,158,158,271,283,263,269
36-33_C06.fsa,229,229,145,147,0,0,151,155,185,188,263,286,0,0,0,0,146,164,0,0,269,269
36-34_D06.fsa,229,229,145,149,235,245,149,149,182,185,263,263,344,352,260,264,149,155,271,279,269,269
36-35_E06.fsa,231,233,147,147,241,245,151,155,188,188,263,263,348,352,254,270,149,152,283,295,269,269
36-36_F06.fsa,231,233,149,149,241,243,149,149,188,188,263,263,352,356,264,268,149,155,269,281,269,269
36-37_G06.fsa,229,229,147,147,235,237,151,155,188,188,263,263,344,352,244,274,146,152,269,271,269,269
36-3_E02.fsa,229,231,147,149,241,241,151,155,188,188,263,263,348,356,270,280,146,158,269,279,269,269
36-4_F02.fsa,227,229,147,147,237,241,151,151,182,188,263,263,348,352,264,264,143,152,269,271,269,269
36-5_G02.fsa,229,229,145,149,239,243,155,155,188,188,263,263,356,364,262,274,149,152,271,285,269,269
36-6_H02.fsa,229,229,147,149,235,241,151,151,185,194,265,265,352,356,262,292,149,152,281,289,269,269
36-7_A03.fsa,225,229,147,149,241,243,151,155,179,182,256,263,352,360,260,272,152,164,279,289,269,269
36-8_B03.fsa,229,233,147,147,237,241,155,157,188,188,263,263,344,352,234,266,149,158,269,281,269,269
36-9_C03.fsa,235,235,143,143,253,255,137,147,191,191,320,320,343,344,284,298,128,128,0,0,285,285
4-10_B12.fsa,231,233,147,149,241,243,151,169,188,194,259,271,348,352,240,268,152,152,269,279,269,269
4-11_C12.fsa,229,231,149,149,235,245,155,169,188,188,263,263,348,368,268,280,149,158,275,281,269,271
4-12_D12.fsa,229,233,147,147,235,247,151,153,188,194,263,263,348,356,264,278,149,158,273,279,269,269
4-13_E12.fsa,229,229,147,149,235,241,153,155,188,188,256,263,348,360,276,286,149,152,271,277,269,269
4-14_F12.fsa,227,229,145,149,237,241,155,155,188,188,263,268,343,356,244,260,152,155,281,281,269,271
4-15_G12.fsa,229,231,147,149,237,243,155,155,188,188,263,263,348,356,264,288,152,152,271,287,269,271
4-16_H12.fsa,227,229,147,149,241,247,151,151,188,194,263,263,348,348,242,270,152,169,283,291,269,269
4-1_A11.fsa,225,229,147,147,241,249,153,153,188,188,263,274,344,352,264,274,152,164,271,273,269,269
4-2_B11.fsa,227,229,145,149,241,249,149,155,185,188,263,263,348,360,270,280,152,152,269,279,269,269
4-3_C11.fsa,227,229,147,147,237,247,145,151,182,188,263,268,348,352,254,264,143,152,271,279,269,269
4-4_D11.fsa,227,231,147,147,239,247,151,155,188,188,263,263,348,348,270,270,146,149,277,283,269,269
4-5_E11.fsa,225,231,147,149,243,247,151,151,188,188,263,263,344,356,270,270,149,152,275,281,263,269
4-6_F11.fsa,227,233,149,149,241,241,149,153,179,188,263,271,356,356,244,256,149,152,275,279,269,269
4-7_G11.fsa,229,229,147,149,235,247,151,151,179,191,263,263,352,356,256,280,149,152,271,283,269,269
4-8_H11.fsa,231,233,147,147,237,241,155,155,185,188,263,263,348,372,272,284,152,158,269,295,263,269
4-9_A12.fsa,227,229,147,149,237,241,151,157,188,194,263,265,348,348,264,278,152,169,279,291,269,269
5-13_G07.fsa,231,233,147,149,241,245,151,151,179,188,263,268,348,352,252,260,146,149,273,287,269,269
5-14_H07.fsa,229,231,147,149,241,241,151,173,185,188,263,265,352,356,268,270,149,152,281,285,269,269
5-15_A08.fsa,227,231,147,149,245,247,151,157,185,188,263,265,348,352,260,270,146,149,279,279,271,271
5-16_B08.fsa,227,229,147,149,237,245,145,155,182,188,263,265,360,360,278,280,149,152,271,277,269,269
5-18_D08.fsa,231,231,147,149,241,247,151,151,188,188,263,263,348,352,256,278,152,152,275,281,269,269
5-19_E08.fsa,229,231,149,149,237,243,155,155,188,188,263,268,344,348,266,268,152,155,283,283,269,269
5-1_C06.fsa,229,229,149,149,237,241,145,151,188,188,263,263,348,364,260,266,152,152,277,293,269,269
5-20_F08.fsa,229,233,147,149,241,243,145,151,185,188,263,263,348,352,268,268,149,152,269,285,269,269
5-21_G08.fsa,227,229,141,149,243,243,151,155,188,188,263,271,344,348,260,272,152,158,271,285,269,269
5-22_H08.fsa,229,231,145,149,235,237,151,153,188,188,263,271,348,352,268,270,149,152,273,283,263,269
5-23_A09.fsa,227,229,0,0,0,0,151,155,182,185,263,271,0,0,262,268,146,152,0,0,269,269
5-24_B09.fsa,225,229,149,149,245,247,149,151,188,188,263,263,364,364,256,260,122,152,273,279,269,271
5-25_C09.fsa,229,231,147,149,241,251,149,149,185,188,263,268,348,356,240,264,149,152,277,283,269,269
5-26_D09.fsa,227,231,147,149,237,241,149,151,188,188,263,265,356,356,266,274,152,152,279,281,269,269
5-27_E09.fsa,225,229,147,147,235,245,151,159,182,188,263,263,352,352,246,276,152,158,277,279,269,269
5-28_F09.fsa,225,229,147,147,241,247,151,153,185,185,268,271,352,364,270,280,149,152,277,277,269,269
5-29_G09.fsa,227,231,147,147,241,247,149,149,188,197,263,263,352,352,240,272,149,152,271,283,269,269
5-2_D06.fsa,229,229,147,149,241,241,149,149,185,194,263,271,352,360,250,292,146,158,277,279,269,271
5-30_H09.fsa,229,229,147,147,241,241,151,151,185,188,259,263,352,364,280,294,152,155,269,291,263,269
5-31_A10.fsa,229,231,149,149,237,241,145,151,188,188,263,263,352,352,254,260,152,152,269,279,269,269
5-3_E06.fsa,229,233,147,149,243,243,151,155,185,188,263,263,348,356,244,262,149,152,275,281,269,269
5-4_F06.fsa,227,229,149,151,241,243,149,149,185,188,265,265,348,352,258,296,146,152,283,285,269,269
5-5_G06.fsa,229,233,145,147,241,241,155,173,182,191,263,263,0,0,252,272,152,152,0,0,269,269
5-6_H06.fsa,229,233,147,149,241,241,149,155,182,188,263,271,348,360,260,266,146,152,277,283,269,269
5-7_A07.fsa,229,229,149,149,241,241,155,157,182,188,259,263,352,360,254,278,146,152,273,279,269,269
5-8_B07.fsa,229,229,0,0,0,0,145,149,188,191,263,263,0,0,266,298,149,152,0,0,269,269
5-9_C07.fsa,229,231,145,149,235,243,157,157,182,188,259,268,348,360,260,262,152,155,277,283,269,271
52-10_A08.fsa,229,229,145,147,241,247,151,155,185,188,263,271,348,360,254,254,152,161,277,279,269,269
52-11_B08.fsa,227,233,147,149,241,241,151,157,188,188,263,271,348,360,262,280,146,155,271,281,269,269
52-12_C08.fsa,229,231,149,149,241,241,151,155,182,191,256,263,348,356,268,286,152,164,277,283,269,269
52-13_D08.fsa,229,231,147,149,241,243,149,155,188,197,263,271,336,344,0,0,149,164,0,0,269,269
52-15_F08.fsa,229,233,147,149,247,249,151,155,182,185,263,265,344,352,274,290,146,158,279,283,269,269
52-16_G08.fsa,229,229,0,0,0,0,151,151,185,194,263,268,344,352,240,256,152,161,0,0,269,269
52-17_H08.fsa,229,231,145,147,237,245,151,153,188,194,263,271,348,356,244,260,149,149,269,281,269,269
52-18_A09.fsa,229,229,145,147,235,241,151,153,188,188,263,263,344,352,252,274,158,158,279,287,269,269
52-19_B09.fsa,229,231,147,147,241,243,153,165,188,194,263,263,344,352,258,292,152,158,275,281,269,269
52-1_H06.fsa,229,229,147,149,243,245,153,155,182,197,263,263,343,364,270,276,149,149,283,287,269,269
52-20_C09.fsa,229,231,149,149,241,251,145,153,188,188,263,265,352,360,256,268,152,152,269,281,269,269
52-21_D09.fsa,229,233,147,147,241,243,151,163,185,188,263,263,348,356,258,268,152,158,279,279,269,271
52-22_E09.fsa,227,229,147,149,241,243,151,163,185,188,263,263,348,360,260,280,146,152,269,297,269,269
52-23_F09.fsa,225,229,145,149,237,241,151,153,188,188,263,263,348,356,270,276,149,152,273,283,263,269
52-24_G09.fsa,229,229,149,149,241,249,153,155,188,191,263,263,348,360,268,288,149,152,273,281,269,269
52-25_H09.fsa,227,231,145,147,237,241,145,151,188,188,263,265,344,368,272,274,152,158,271,283,269,269
52-26_A10.fsa,231,233,147,149,237,249,151,153,188,197,263,271,348,352,242,296,146,146,279,279,269,269
52-27_B10.fsa,227,231,147,147,0,0,151,155,188,188,263,271,0,0,0,0,146,152,0,0,269,269
52-28_C10.fsa,229,229,145,147,235,241,153,155,188,191,259,263,348,352,246,264,149,149,273,277,269,271
52-29_D10.fsa,229,229,145,147,241,243,153,169,188,188,263,271,352,360,262,268,149,158,273,277,263,269
52-2_A07.fsa,229,231,147,149,235,245,149,151,188,188,263,263,348,352,248,292,146,152,269,271,263,269
52-30_E10.fsa,229,233,149,149,241,247,151,155,179,185,253,263,352,356,256,296,146,152,273,277,269,269
52-31_F10.fsa,229,231,147,149,241,245,153,169,182,197,263,263,348,348,254,256,152,152,287,287,269,269
52-32_G10.fsa,225,229,149,151,237,241,145,151,188,191,263,271,344,348,254,280,149,149,275,279,269,271
52-33_H10.fsa,225,227,149,149,241,241,149,155,188,191,265,271,352,360,280,296,152,158,271,281,269,269
52-3_B07.fsa,229,229,147,149,237,241,155,157,188,188,263,263,344,368,290,292,149,164,269,277,263,269
52-4_C07.fsa,229,233,149,149,245,247,151,151,188,188,263,268,344,352,260,266,146,149,271,281,269,269
52-5_D07.fsa,229,229,147,149,235,241,151,153,185,188,263,268,348,352,246,254,149,149,285,287,269,269
52-6_E07.fsa,229,231,147,149,235,235,151,153,182,185,263,263,356,364,256,290,149,152,281,287,269,269
52-7_F07.fsa,229,233,145,147,241,247,151,151,185,188,263,268,0,0,266,266,152,152,269,269,269,271
52-8_G07.fsa,229,229,147,147,239,243,151,169,188,188,263,265,343,356,264,292,152,152,275,279,263,269
52-9_H07.fsa,227,231,147,149,241,241,145,155,179,194,271,271,343,352,258,272,146,152,277,283,269,269
56-10_B02.fsa,227,231,141,145,241,243,155,155,185,188,263,263,344,360,258,274,169,169,273,277,269,269
56-1_A01.fsa,231,233,149,149,237,239,155,155,185,188,263,263,348,352,254,262,146,152,279,279,269,269
56-2_B01.fsa,229,231,147,147,243,251,151,151,182,188,259,263,348,360,258,274,149,158,287,287,269,269
56-3_C01.fsa,229,231,147,147,241,243,151,155,179,182,263,263,356,360,256,264,149,149,269,273,269,269
56-4_D01.fsa,225,233,149,149,241,241,151,157,179,188,263,265,344,352,256,264,152,152,0,0,269,269
56-5_E01.fsa,229,231,145,149,237,241,145,155,185,185,263,263,344,348,254,268,149,158,281,291,269,269
56-6_F01.fsa,229,229,0,0,235,247,153,153,185,188,263,265,356,360,266,280,152,152,269,277,269,269
56-7_G01.fsa,229,231,149,149,241,247,151,163,185,188,263,271,352,364,250,268,143,158,269,281,269,269
56-8_H01.fsa,225,229,147,149,241,251,145,153,188,188,263,263,348,356,270,280,152,158,283,285,269,269
56-9_A02.fsa,231,233,147,149,237,249,151,153,188,203,263,271,348,352,242,272,146,146,279,279,269,269
8-11_D11.fsa,229,229,147,149,241,245,151,153,185,188,263,263,348,348,240,292,149,152,279,279,269,269
8-13_F11.fsa,229,231,147,147,241,243,151,151,188,188,263,263,343,352,254,254,149,167,279,279,269,269
8-14_G11.fsa,229,231,147,147,241,241,151,157,188,191,263,263,352,356,274,305,146,158,279,283,269,269
8-15_H11.fsa,233,233,147,149,237,243,151,155,182,194,265,271,344,348,274,290,149,158,275,277,269,277
8-16_A12.fsa,227,231,147,147,237,247,151,153,188,191,263,263,352,356,262,280,149,152,273,273,263,269
8-17_B12.fsa,231,231,149,149,241,241,151,155,188,188,263,263,348,352,268,270,146,164,269,279,269,269
8-18_C12.fsa,225,233,141,147,237,245,155,155,188,188,263,265,344,364,240,274,152,155,273,275,263,269
8-19_D12.fsa,229,231,149,149,237,239,145,151,185,188,263,263,344,352,254,260,146,152,279,281,269,269
8-1_B10.fsa,229,229,145,147,241,243,151,157,188,191,263,268,348,356,232,262,146,158,269,277,269,269
8-20_E12.fsa,229,229,149,149,241,249,151,163,185,188,263,271,348,348,250,264,149,152,273,285,269,271
8-21_F12.fsa,229,231,147,147,235,243,151,157,185,188,268,268,348,356,242,280,149,152,281,283,269,271
8-22_G12.fsa,229,229,147,149,237,243,151,153,182,188,263,268,348,348,262,274,146,152,271,275,269,269
8-23_H12.fsa,225,229,149,149,241,247,149,149,185,188,263,265,348,356,256,292,149,149,275,283,269,269
8-2_C10.fsa,229,231,147,149,241,243,149,151,185,188,263,263,352,360,250,268,149,152,279,279,269,269
8-3_D10.fsa,229,229,147,147,237,243,151,151,179,188,263,268,0,0,252,292,149,152,0,0,269,269
8-4_E10.fsa,231,233,147,147,243,247,153,155,188,188,263,271,348,356,250,274,146,167,273,285,269,269
8-5_F10.fsa,217,229,147,147,237,241,151,151,188,188,263,263,348,352,262,272,146,146,273,277,269,269
8-6_G10.fsa,229,229,147,149,241,241,149,149,182,182,263,265,348,352,254,254,152,155,275,281,269,269
8-7_H10.fsa,229,229,147,149,237,241,151,155,188,188,263,271,348,352,266,268,146,149,277,279,269,269
19-10_D08.fsa,227,227,147,147,237,247,151,155,188,188,263,263,352,368,244,262,146,152,269,271,269,269
19-11_E08.fsa,227,227,147,149,235,239,151,157,188,188,265,268,352,352,260,260,149,158,279,281,269,271
19-12_F08.fsa,227,227,147,149,237,241,151,151,188,191,259,259,356,356,270,288,152,158,277,287,269,269
19-13_G08.fsa,227,229,145,145,241,247,151,153,188,188,263,263,352,352,268,268,152,152,269,279,269,269
19-14_H08.fsa,227,229,147,149,235,243,155,155,188,188,263,263,0,0,258,272,152,152,0,0,269,269
19-15_A09.fsa,227,231,145,149,241,241,145,151,188,194,263,263,0,0,264,272,146,152,0,0,269,269
19-16_B09.fsa,227,227,149,149,235,235,151,155,185,188,256,271,348,356,244,262,146,146,281,283,269,269
19-17_C09.fsa,225,227,147,149,243,243,149,151,188,188,263,263,344,344,242,248,164,169,279,279,269,269
19-18_D09.fsa,225,227,147,149,237,251,155,155,188,188,263,263,352,364,262,268,155,158,277,279,269,269
19-19_E09.fsa,227,229,147,147,237,241,151,159,179,188,263,263,352,356,264,270,149,152,275,281,269,269
19-1_C07.fsa,227,229,149,149,241,241,151,155,182,188,263,265,336,364,260,264,149,149,273,277,269,269
19-20_F09.fsa,223,227,149,149,241,241,151,151,188,194,268,268,352,364,292,292,146,169,281,293,269,269
19-21_G09.fsa,227,227,149,149,241,241,151,155,188,188,263,263,352,360,252,292,146,167,0,0,263,269
19-22_H09.fsa,227,229,147,149,241,243,149,155,185,188,263,265,348,368,262,274,149,152,269,279,269,269
19-23_A10.fsa,227,229,147,147,241,243,149,157,185,188,259,263,348,348,268,272,152,152,271,271,269,269
19-24_B10.fsa,225,227,147,147,241,243,155,155,185,188,263,263,348,356,278,288,149,149,285,285,269,269
19-25_C10.fsa,227,229,149,149,243,243,149,149,188,188,259,263,348,364,252,292,149,149,271,281,269,269
19-26_D10.fsa,225,227,147,147,235,241,151,155,185,188,263,263,0,0,270,292,152,152,0,0,0,0
19-27_E10.fsa,223,227,147,149,239,245,151,157,188,191,259,265,348,348,254,292,146,158,277,283,269,269
19-28_F10.fsa,229,231,147,147,245,249,153,153,179,188,263,263,352,356,254,278,149,152,273,281,269,269
19-29_G10.fsa,227,229,141,147,239,241,145,153,185,188,263,263,344,360,244,250,146,152,281,291,269,269
19-2_D07.fsa,227,229,147,149,235,249,165,167,185,188,263,263,352,356,230,260,149,152,269,285,269,269
19-30_H10.fsa,225,227,147,149,241,243,151,155,188,188,256,263,0,0,254,256,152,169,0,0,269,269
19-3_E07.fsa,227,227,147,147,241,243,151,171,188,188,263,263,348,348,256,268,149,158,0,0,269,269
19-4_F07.fsa,225,229,145,147,235,243,151,151,185,188,263,265,348,360,230,274,152,167,281,289,269,269
19-5_G07.fsa,225,227,147,147,0,0,145,157,179,188,263,263,0,0,0,0,149,149,0,0,0,0
19-6_H07.fsa,227,229,145,147,241,241,151,151,188,188,263,263,348,356,232,268,149,158,283,287,269,269
19-7_A08.fsa,231,231,147,149,241,249,151,155,188,188,263,263,348,372,230,272,152,152,277,283,269,269
19-8_B08.fsa,227,229,145,147,235,241,151,155,185,185,259,263,352,356,254,274,149,167,279,287,269,269
19-9_C08.fsa,227,227,145,151,241,241,151,151,188,191,263,268,348,348,262,262,152,158,269,277,269,269
2-10_B12.fsa,223,229,149,149,241,241,151,155,185,188,263,268,352,352,258,296,161,164,277,293,269,269
2-11_C12.fsa,227,229,147,149,235,243,151,155,179,182,263,263,344,364,262,268,149,158,273,275,269,269
2-12_D12.fsa,227,227,147,149,241,245,151,151,182,185,265,271,344,360,242,292,152,152,271,281,269,269
2-13_E12.fsa,227,227,147,147,241,241,153,155,185,188,263,263,344,348,234,260,152,158,271,281,269,271
2-14_F12.fsa,227,231,141,147,235,247,151,151,188,188,263,263,352,360,292,292,152,155,269,285,269,269
2-15_G12.fsa,229,229,149,149,241,241,159,161,179,194,263,263,348,360,272,286,152,158,269,279,269,269
2-16_H12.fsa,227,229,145,149,235,241,151,155,188,194,263,265,348,372,274,286,149,149,271,273,263,269
2-1_A11.fsa,227,227,147,149,237,243,155,173,188,188,263,268,344,352,256,266,152,152,269,285,271,271
2-2_B11.fsa,223,229,147,147,235,239,155,169,185,188,263,263,0,0,258,280,149,152,0,0,269,269
2-3_C11.fsa,229,229,147,149,243,247,155,165,185,191,259,259,348,364,244,276,149,149,285,285,269,269
2-4_D11.fsa,225,231,147,147,241,241,151,151,182,185,263,265,352,360,254,260,152,155,279,281,269,269
2-5_E11.fsa,227,229,147,149,241,241,153,155,182,188,263,263,344,344,236,276,152,155,271,289,269,269
2-6_F11.fsa,225,227,147,149,235,235,147,151,188,188,263,265,0,0,250,266,152,152,0,0,0,0
2-7_G11.fsa,227,227,147,149,235,243,151,151,188,197,263,263,0,0,266,278,149,149,0,0,269,269
2-8_H11.fsa,225,227,147,149,235,237,151,155,188,188,259,263,352,352,264,268,149,155,271,281,269,269
2-9_A12.fsa,229,233,147,151,237,241,151,155,182,182,263,268,348,364,268,268,149,161,279,293,269,269
38-10_D04.fsa,225,231,149,151,241,247,153,155,188,188,263,271,348,360,258,272,146,149,281,285,269,269
38-11_E04.fsa,227,229,147,147,241,243,151,151,188,188,263,263,0,0,244,254,149,167,279,287,269,269
38-12_F04.fsa,227,227,147,149,249,249,145,151,188,188,268,268,348,348,242,254,149,149,279,283,269,269
38-13_G04.fsa,227,227,149,149,235,235,155,157,188,188,263,265,348,348,264,264,158,158,271,281,269,271
38-14_H04.fsa,227,229,147,149,235,243,151,153,182,188,263,271,0,0,256,256,146,152,279,283,269,269
38-15_A05.fsa,227,231,147,149,237,243,155,155,179,188,263,271,336,352,268,272,146,149,285,295,269,269
38-16_B05.fsa,227,231,147,149,241,241,151,155,185,188,268,274,360,364,266,266,149,149,277,293,269,269
38-17_C05.fsa,229,229,147,149,235,241,151,153,185,188,259,265,356,356,272,276,149,158,291,293,269,269
38-18_D05.fsa,227,229,145,149,241,241,153,157,188,188,263,268,352,368,256,294,158,158,277,279,269,269
38-19_E05.fsa,225,227,145,151,241,241,153,163,185,188,263,271,0,0,250,260,152,152,0,0,0,0
38-1_C03.fsa,225,229,149,151,235,245,151,151,188,188,259,265,0,0,276,292,146,158,279,279,0,0
38-21_G05.fsa,229,229,147,149,241,243,145,151,179,185,263,263,348,352,262,262,152,164,277,279,269,271
38-22_H05.fsa,227,227,147,149,237,243,155,155,188,188,263,268,0,0,272,303,152,152,0,0,0,0
38-23_A06.fsa,227,229,147,149,241,243,151,155,185,188,263,268,344,344,246,252,149,152,271,281,269,269
38-24_B06.fsa,227,227,147,149,241,241,151,161,188,188,263,271,352,352,258,274,149,149,271,285,269,269
38-25_C06.fsa,227,227,147,149,241,249,151,173,188,188,263,265,348,348,256,296,149,149,269,281,269,269
38-26_D06.fsa,225,227,147,149,235,243,151,151,188,188,263,263,0,0,260,292,152,164,0,0,0,0
38-27_E06.fsa,227,229,147,149,241,245,145,151,185,188,263,271,348,348,262,272,149,152,277,283,269,269
38-28_F06.fsa,225,227,147,147,241,243,151,155,188,188,263,263,348,368,244,264,146,152,271,277,269,269
38-2_D03.fsa,225,227,147,149,241,247,149,153,188,188,263,263,352,356,250,260,152,152,275,275,269,269
38-3_E03.fsa,225,227,147,149,243,249,151,153,185,191,263,265,344,352,254,274,149,152,273,277,269,271
38-4_F03.fsa,227,229,147,149,239,241,145,153,188,188,263,263,352,356,256,270,149,164,271,283,269,269
38-5_G03.fsa,225,227,149,151,239,241,157,159,185,188,263,263,348,348,258,292,152,152,275,275,263,269
38-6_H03.fsa,227,227,147,149,241,243,149,151,182,194,263,268,352,364,282,282,146,158,281,295,269,269
38-7_A04.fsa,227,227,145,149,239,241,145,151,188,188,263,263,0,0,240,268,149,149,0,0,0,0
38-8_B04.fsa,227,229,147,147,237,241,149,151,188,188,256,265,344,352,262,264,149,152,269,285,263,269
38-9_C04.fsa,223,227,147,149,241,241,151,153,179,188,259,263,352,360,262,274,164,164,279,295,269,269
4-17_A01.fsa,225,227,147,149,235,237,151,151,185,188,263,263,348,352,278,292,158,158,269,285,269,269
4-18_B01.fsa,227,227,145,149,241,241,151,155,188,191,263,263,344,352,244,288,149,149,271,271,269,271
4-19_C01.fsa,227,227,147,149,249,249,149,155,188,188,0,0,352,352,242,262,143,158,273,275,269,269
4-20_D01.fsa,229,229,145,147,235,241,151,153,185,188,263,263,348,356,244,244,158,161,269,283,269,269
4-21_E01.fsa,227,229,147,149,235,235,151,155,188,191,259,265,0,0,252,276,149,158,0,0,271,271
4-22_F01.fsa,225,227,147,151,243,245,151,151,188,188,268,271,348,360,250,280,152,152,273,293,269,269
4-23_G01.fsa,227,229,147,147,241,241,151,155,188,188,263,263,356,356,250,256,149,152,279,279,269,269
4-24_H01.fsa,225,233,147,149,237,241,151,151,185,188,263,265,344,356,260,266,146,155,265,273,263,269
4-25_A02.fsa,227,227,147,147,241,243,153,155,185,188,263,263,356,360,264,272,149,149,273,279,271,271
4-26_B02.fsa,225,227,147,147,243,243,151,155,185,188,263,263,344,356,244,288,146,149,279,281,263,271
4-27_C02.fsa,227,229,147,149,235,243,155,155,182,185,263,263,352,360,246,260,158,164,283,291,269,269
4-28_D02.fsa,227,231,147,147,241,241,151,155,188,188,265,286,348,352,260,270,149,149,271,271,269,269
4-29_E02.fsa,227,227,147,147,241,243,149,149,188,188,263,263,344,348,232,270,128,152,269,289,269,269
4-30_F02.fsa,227,229,147,147,241,247,151,155,188,188,259,265,336,352,262,280,146,149,279,279,269,269
4-31_G02.fsa,223,231,149,149,235,245,151,153,188,194,263,286,360,364,260,260,122,152,0,0,269,269
4-32_H02.fsa,227,229,147,147,241,243,145,155,188,188,256,263,352,356,250,268,149,158,277,285,269,269
4-34_B03.fsa,225,227,147,147,235,241,149,153,182,188,263,263,352,352,232,262,146,149,0,0,269,269
44-1_H06.fsa,227,229,147,147,237,241,151,151,188,188,263,271,0,0,244,272,149,158,0,0,269,269
44-2_A07.fsa,227,227,147,147,241,241,153,155,188,194,263,263,348,360,260,270,152,152,281,283,263,269
44-3_B07.fsa,227,231,147,149,241,247,151,151,185,200,263,271,348,356,252,254,149,152,0,0,269,269
16-10_C06.fsa,227,229,145,159,239,243,149,149,179,188,265,271,344,356,256,260,155,158,269,281,269,271
16-11_B06.fsa,229,229,147,149,235,241,151,153,188,191,263,263,352,352,262,262,149,158,269,275,269,269
16-12_A06.fsa,229,231,147,147,241,241,153,155,188,194,263,263,352,360,260,270,152,152,281,283,269,269
16-13_H07.fsa,229,229,147,147,241,247,149,149,182,194,263,271,348,360,268,270,149,149,279,287,269,269
16-14_G07.fsa,227,233,147,149,241,241,149,151,179,197,263,263,356,356,250,274,149,152,271,277,269,269
16-15_F07.fsa,229,231,145,149,235,247,145,153,185,188,263,268,344,348,232,260,146,149,287,291,269,271
16-16_E07.fsa,227,229,0,0,235,237,149,157,188,188,263,263,348,352,260,278,149,152,273,281,269,269
16-17_D07.fsa,227,231,147,147,235,239,149,149,188,188,263,268,348,352,256,268,152,152,269,287,269,269
16-18_C07.fsa,229,233,147,147,241,247,151,173,185,185,265,265,344,356,268,270,149,149,273,285,269,269
16-1_D05.fsa,229,229,147,149,241,241,149,149,188,188,263,265,348,356,256,262,149,152,281,283,269,269
16-23_F08.fsa,227,229,147,149,243,243,151,155,188,188,265,271,348,360,268,272,152,155,275,277,269,269
16-24_E08.fsa,227,231,147,147,237,241,155,155,188,188,263,263,356,368,274,288,146,152,271,293,263,277
16-25_D08.fsa,229,231,147,147,241,243,145,151,188,191,263,265,352,352,260,280,149,158,279,279,269,269
16-26_C08.fsa,229,231,141,147,235,243,149,149,179,185,263,263,352,356,244,252,152,152,275,293,263,269
16-27_B08.fsa,229,233,149,149,235,247,155,155,185,188,256,263,356,356,262,280,146,152,269,279,269,269
16-28_A08.fsa,229,231,147,147,241,241,151,157,188,194,263,263,344,356,270,274,152,152,269,277,269,269
16-2_C05.fsa,229,229,147,147,243,247,149,149,185,188,263,263,344,352,240,256,152,161,275,285,269,269
16-31_F09.fsa,229,231,147,147,241,241,151,155,188,188,263,265,348,356,242,292,149,152,271,277,269,269
16-32_E09.fsa,229,233,147,149,241,243,155,155,179,185,263,263,344,360,262,276,152,152,279,283,269,269
16-33_D09.fsa,225,233,149,149,241,243,151,155,188,188,263,263,352,356,270,270,149,170,271,277,269,269
16-34_C09.fsa,229,231,145,147,241,243,153,169,188,188,263,263,348,360,262,270,152,152,277,287,269,269
16-35_B09.fsa,227,229,149,149,241,243,151,157,182,185,263,263,0,0,252,258,149,152,279,279,269,269
16-36_A09.fsa,229,229,149,149,243,245,151,173,188,188,263,263,344,348,262,264,152,152,271,279,269,271
16-37_H10.fsa,231,231,147,147,237,241,151,155,182,188,263,265,352,356,270,292,149,161,269,281,269,271
16-38_G10.fsa,227,227,145,147,239,241,149,149,188,191,263,263,348,360,252,264,149,152,275,283,269,269
16-39_F10.fsa,225,225,149,151,243,251,145,153,179,188,259,268,352,356,254,254,152,155,273,281,269,269
16-3_B05.fsa,229,231,147,149,241,241,151,155,182,188,263,263,356,360,268,286,149,152,279,281,269,269
16-40_E10.fsa,229,231,147,147,235,243,145,153,179,188,259,263,352,360,260,270,149,152,269,277,269,269
16-4_A05.fsa,229,235,147,147,241,241,149,149,188,188,263,268,348,352,256,262,146,152,275,285,269,269
16-5_H06.fsa,229,233,147,149,243,243,151,155,185,185,263,263,348,348,290,292,152,158,277,277,269,269
16-6_G06.fsa,229,229,147,149,241,251,149,149,188,194,259,263,348,360,270,274,149,149,275,281,269,269
16-7_F06.fsa,227,229,147,149,237,239,155,159,185,188,259,263,344,360,238,272,149,158,269,283,269,269
16-8_E06.fsa,229,231,147,149,241,241,149,149,179,185,263,271,348,376,268,305,152,158,277,281,263,269
16-9_D06.fsa,229,233,147,147,241,243,145,153,188,191,263,263,348,356,232,303,149,158,277,283,269,269
28-1_H01.fsa,229,229,147,149,241,245,151,157,185,188,265,274,352,352,244,272,146,152,273,279,269,269
28-2_G01.fsa,231,231,149,149,237,241,151,151,185,188,263,268,352,364,254,268,146,152,271,293,269,269
28-3_F01.fsa,229,229,149,151,241,243,155,155,182,188,263,263,348,360,254,268,146,149,269,271,269,269
28-4_E01.fsa,229,229,147,147,235,243,151,155,182,188,263,263,348,352,240,254,149,152,283,287,269,269
28-5_D01.fsa,229,229,147,147,235,241,151,153,188,188,263,263,360,360,0,0,152,152,277,279,263,269
28-6_C01.fsa,229,229,149,151,235,241,151,151,185,191,263,263,356,356,266,280,152,164,273,281,269,269
40-10_C11.fsa,229,229,147,147,241,243,153,155,185,188,265,268,348,364,254,264,155,155,279,281,269,269
40-11_B11.fsa,229,231,149,149,237,245,151,155,182,197,259,268,352,360,256,280,146,152,279,283,263,269
40-12_A11.fsa,229,229,149,149,241,245,155,155,185,188,263,271,344,356,232,244,149,152,277,279,269,269
40-13_H12.fsa,229,229,147,147,237,241,151,151,179,191,263,268,352,360,262,262,152,152,277,283,263,269
40-14_G12.fsa,227,229,149,151,241,241,151,153,188,188,263,263,352,352,262,274,149,152,279,281,269,269
40-15_F12.fsa,229,231,147,147,237,241,153,153,188,194,256,259,352,356,254,274,152,164,273,295,269,271
40-16_E12.fsa,227,231,147,147,241,241,151,171,185,188,263,263,352,368,254,262,146,152,269,279,269,269
40-17_D12.fsa,229,229,147,149,241,249,145,153,179,188,263,265,352,352,262,296,152,152,273,277,269,269
40-18_C12.fsa,225,229,147,147,243,247,145,153,185,188,263,265,348,360,262,280,146,152,271,277,269,269
40-19_B12.fsa,229,231,147,147,237,241,151,159,188,188,263,263,352,356,244,270,149,149,273,275,263,269
40-1_D10.fsa,229,233,149,149,241,249,151,155,188,197,263,271,352,360,260,274,149,158,269,273,269,269
40-20_A12.fsa,229,233,147,149,241,241,155,159,185,188,263,268,356,360,248,262,149,152,281,283,269,269
40-2_C10.fsa,229,231,149,149,241,243,151,171,185,191,263,263,0,0,254,286,149,152,269,271,269,269
40-3_B10.fsa,229,229,147,149,241,243,149,149,188,188,256,271,348,352,250,264,149,185,277,277,269,269
40-4_A10.fsa,229,229,147,149,241,249,145,151,185,188,259,265,340,348,282,292,146,158,279,283,263,269
40-5_H11.fsa,225,231,147,147,241,251,145,151,185,188,263,271,352,360,270,272,152,203,283,285,269,269
40-6_G11.fsa,229,231,149,149,241,241,149,149,185,185,263,263,348,348,260,296,152,155,269,273,269,269
40-7_F11.fsa,227,227,147,149,241,243,151,155,185,188,263,263,348,348,256,288,152,152,283,285,269,269
40-8_E11.fsa,227,231,147,147,243,247,151,153,188,188,263,265,348,352,232,280,149,149,273,281,263,271
40-9_D11.fsa,229,229,147,149,237,241,151,151,188,188,263,263,348,352,242,270,152,170,283,291,269,269
41-10_A02.fsa,229,231,145,147,243,245,145,155,188,191,259,268,352,356,234,258,149,152,273,287,269,271
41-11_H03.fsa,229,233,149,165,241,247,151,153,188,188,256,263,348,356,232,274,152,152,273,281,269,269
41-12_G03.fsa,229,229,147,151,241,249,153,155,179,188,263,263,344,348,256,274,152,164,277,279,269,269
41-13_F03.fsa,227,231,149,149,241,241,151,173,188,191,263,268,352,356,270,292,149,158,273,273,269,271
41-14_E03.fsa,229,229,147,149,235,241,145,151,185,188,263,268,344,360,248,264,152,152,273,287,269,269
41-15_D03.fsa,229,231,145,147,235,235,151,155,182,185,256,271,348,356,262,264,152,158,275,283,269,269
41-16_C03.fsa,229,229,147,149,243,245,151,153,188,188,263,265,0,0,244,260,152,164,273,279,271,271
41-17_B03.fsa,229,233,145,149,239,243,149,149,188,188,259,259,352,352,252,268,152,155,271,279,269,269
41-18_A03.fsa,231,231,147,149,235,243,151,157,185,188,263,263,352,356,260,266,149,152,269,287,269,269
41-19_H04.fsa,229,231,145,149,241,245,153,155,188,191,263,263,356,356,262,268,158,164,277,279,269,271
41-1_B01.fsa,229,229,145,147,241,249,149,151,179,188,259,263,352,364,256,268,152,152,273,283,269,269
41-20_G04.fsa,231,231,145,149,235,235,151,157,185,188,263,263,348,352,274,274,149,152,279,281,269,269
41-22_F04.fsa,225,231,145,147,251,251,151,151,185,188,268,271,352,364,262,286,149,149,271,293,269,269
41-23_E04.fsa,229,233,147,149,241,251,151,155,188,188,263,263,352,356,238,272,152,164,279,279,269,269
41-24_D04.fsa,229,231,143,147,241,243,153,159,179,188,263,263,352,356,252,264,146,149,269,275,269,269
41-25_C04.fsa,229,231,145,149,241,243,149,149,188,194,259,263,348,364,274,274,152,155,277,281,269,269
41-26_B04.fsa,227,231,147,151,235,241,155,155,185,188,263,263,356,360,246,260,158,164,269,273,269,271
41-28_H05.fsa,227,227,147,149,241,241,153,155,185,188,263,271,352,360,264,280,152,152,275,283,269,269
41-29_G05.fsa,225,227,149,149,241,247,153,155,185,188,263,265,348,352,264,268,149,149,283,285,263,269
41-2_A01.fsa,229,229,147,149,235,243,155,165,188,194,263,268,348,360,262,270,128,146,269,275,263,269
41-30_F05.fsa,231,231,147,147,241,249,153,157,188,194,265,271,352,360,256,264,149,155,275,277,269,271
41-31_E05.fsa,229,231,149,149,241,245,151,155,179,188,263,263,348,360,256,280,152,155,279,279,269,269
41-3_H02.fsa,227,229,147,149,239,241,151,153,188,188,259,263,356,368,244,256,149,152,273,283,263,271
41-4_G02.fsa,227,231,147,149,239,241,151,159,185,188,256,263,348,356,258,292,152,152,269,281,269,269
41-5_F02.fsa,231,233,147,149,235,241,151,153,179,188,263,263,344,356,260,296,146,155,271,279,269,269
41-6_E02.fsa,231,233,147,149,241,247,155,155,188,194,259,263,348,356,268,270,149,158,271,277,269,269
41-7_D02.fsa,229,229,145,147,241,251,151,151,182,188,263,263,344,352,274,296,146,152,271,277,269,269
41-8_C02.fsa,229,231,145,147,235,243,151,153,188,188,263,271,348,360,254,264,152,155,269,277,269,269
41-9_B02.fsa,227,229,149,149,237,241,149,151,188,188,263,263,344,356,254,254,149,149,279,293,269,269
22-1_A08.fsa,227,231,147,147,243,243,151,153,188,194,263,271,344,360,244,272,152,155,271,287,269,269
22-2_B08.fsa,231,233,147,147,241,241,151,155,188,188,263,271,348,360,260,272,146,152,269,289,269,269
22-3_C08.fsa,229,233,147,147,235,237,151,151,188,188,263,268,344,352,274,280,152,152,269,279,269,269
22-6_F08.fsa,227,227,147,149,0,0,145,157,185,188,263,265,0,0,256,268,149,158,271,289,263,269
22-7_G08.fsa,229,229,147,149,235,243,155,155,188,188,263,263,360,360,250,256,149,149,273,279,269,271
22-8_H08.fsa,229,231,149,149,235,241,151,159,188,191,263,263,344,368,264,266,149,152,279,285,269,271
35-10_G03.fsa,229,229,147,149,241,241,151,151,191,191,263,265,360,368,254,260,152,152,277,277,269,271
35-11_H03.fsa,227,229,147,147,241,241,145,151,185,188,263,271,348,348,272,292,149,152,271,287,269,269
35-12_A04.fsa,227,233,149,151,235,241,155,157,185,188,263,263,348,364,254,272,146,152,279,287,269,269
35-13_B04.fsa,227,231,147,149,245,249,155,157,185,191,268,271,352,352,244,270,149,152,273,273,269,269
35-14_C04.fsa,227,231,147,147,239,247,151,155,188,188,263,263,348,352,270,270,149,149,0,0,269,277
35-15_D04.fsa,227,229,147,149,241,243,149,155,185,191,263,263,348,356,244,276,149,149,277,277,269,271
35-16_E04.fsa,229,229,147,147,243,247,155,155,188,191,263,265,348,352,234,250,155,158,269,269,269,269
35-17_F04.fsa,229,229,149,149,243,243,151,155,188,188,259,263,348,364,254,254,152,152,271,281,269,269
35-18_G04.fsa,229,233,149,149,241,243,151,151,179,188,263,263,348,352,252,260,146,152,273,281,269,269
35-19_H04.fsa,229,229,149,149,243,243,151,155,188,188,259,263,348,364,254,292,152,152,271,281,269,269
35-1_F02.fsa,231,233,141,149,241,247,153,155,188,188,263,263,348,352,254,274,149,170,271,285,269,269
35-20_A05.fsa,231,231,147,147,241,243,151,151,188,194,263,263,352,360,232,262,152,152,269,275,269,269
35-21_B05.fsa,229,229,147,149,241,241,151,151,188,194,263,263,348,352,252,268,149,152,279,281,269,269
35-22_C05.fsa,229,229,147,149,243,247,145,151,188,188,265,271,344,352,266,276,152,170,285,287,269,271
35-23_D05.fsa,227,233,147,147,237,243,153,155,179,185,263,263,348,348,264,296,158,158,271,279,269,269
35-24_E05.fsa,229,229,149,149,237,241,151,153,182,188,263,263,348,356,274,290,152,158,283,289,269,269
35-25_F05.fsa,229,229,147,149,241,243,151,155,188,188,263,263,352,360,256,292,149,152,269,279,263,269
35-26_G05.fsa,229,229,147,149,235,247,145,151,185,188,263,265,348,352,274,278,149,167,281,281,269,269
35-27_H05.fsa,233,233,147,149,241,241,153,155,185,188,256,263,340,348,232,290,152,152,277,281,269,269
35-28_A06.fsa,227,233,147,147,235,243,151,155,188,188,259,263,348,352,268,288,152,167,279,281,269,269
35-29_B06.fsa,233,233,147,147,0,0,151,155,182,188,263,263,0,0,0,0,149,152,0,0,269,269
35-2_G02.fsa,229,233,147,149,241,241,151,169,188,188,263,263,344,344,256,305,149,152,279,279,269,269
35-30_C06.fsa,227,233,149,149,235,243,151,157,188,188,259,268,344,360,256,260,146,152,277,287,269,269
35-31_D06.fsa,217,231,147,149,237,243,151,171,179,188,263,265,352,360,260,262,149,152,277,281,269,269
35-3_H02.fsa,229,229,147,149,241,243,151,151,179,191,256,259,348,356,244,270,149,152,271,281,269,269
35-4_A03.fsa,227,231,147,149,241,243,151,151,179,188,263,265,344,352,290,296,146,152,271,281,269,269
35-5_B03.fsa,229,231,147,149,245,247,155,169,185,188,263,271,352,360,270,298,149,158,279,285,269,269
35-6_C03.fsa,229,229,147,147,237,241,151,151,188,194,263,271,360,360,244,272,158,158,277,283,269,269
35-7_D03.fsa,227,229,147,151,241,241,151,151,188,188,263,263,356,360,292,292,149,152,265,279,269,269
35-8_E03.fsa,227,231,147,147,241,241,155,157,182,188,259,265,352,360,268,276,149,149,271,287,269,271
40-21_A01.fsa,229,229,147,149,235,241,153,155,188,188,263,263,348,360,256,270,152,152,283,283,269,269
40-22_B01.fsa,229,231,147,149,241,241,153,155,188,191,263,263,344,348,260,266,149,155,269,293,269,269
40-23_C01.fsa,225,227,149,149,235,241,155,155,185,188,263,263,348,348,274,318,149,149,275,279,263,269
40-24_D01.fsa,229,229,147,149,235,245,153,157,188,188,263,268,344,348,244,274,149,158,275,287,269,269
40-25_E01.fsa,227,231,147,149,235,241,151,153,185,188,256,271,348,364,256,270,152,158,275,283,269,271
40-26_F01.fsa,229,229,147,147,237,241,151,153,185,188,263,271,360,360,258,268,152,158,283,285,263,269
40-27_G01.fsa,229,231,147,149,243,243,151,151,185,188,263,263,352,360,274,286,143,149,279,283,269,269
40-28_H01.fsa,229,231,149,149,241,243,151,155,185,188,263,263,352,356,264,274,146,158,279,287,269,269
40-29_A02.fsa,227,233,149,149,241,241,155,157,185,185,268,286,344,352,232,232,146,158,271,277,269,271
40-30_B02.fsa,225,231,147,147,235,235,151,153,188,188,263,265,348,352,254,262,149,149,279,289,269,269
40-32_D02.fsa,229,231,149,149,239,243,151,153,185,188,263,271,352,360,260,268,146,149,269,283,269,269
53-10_B10.fsa,229,231,147,151,239,243,151,155,185,188,263,265,344,352,254,286,152,161,269,277,269,269
53-12_D10.fsa,231,231,147,147,241,243,151,153,182,185,259,263,352,364,270,294,152,158,269,277,269,269
53-13_E10.fsa,229,231,147,149,239,241,149,155,179,182,263,265,360,368,252,256,152,152,269,275,269,269
53-14_F10.fsa,225,229,147,147,241,241,151,151,185,194,259,268,348,352,232,262,149,152,271,279,269,269
53-15_G10.fsa,231,231,147,147,235,239,151,163,188,188,263,263,352,368,260,268,152,152,277,283,269,269
53-16_H10.fsa,229,229,147,149,237,243,151,157,179,185,263,263,352,352,258,272,152,152,271,273,269,269
53-17_A11.fsa,229,233,147,149,237,243,155,155,179,188,263,263,348,352,268,272,146,149,271,285,269,269
53-18_B11.fsa,231,231,149,149,241,243,151,155,188,188,259,263,352,352,258,258,146,152,279,279,269,269
53-19_C11.fsa,229,231,145,147,241,247,151,155,188,188,263,268,352,360,230,230,152,164,271,275,269,269
53-1_A09.fsa,229,229,145,149,243,243,153,155,188,188,263,271,352,356,254,256,149,152,275,285,269,269
53-20_D11.fsa,229,231,147,151,243,245,151,173,179,188,263,265,352,360,256,266,149,152,285,287,269,269
53-21_E11.fsa,227,227,141,145,241,241,149,155,182,188,263,265,344,348,254,258,149,152,277,281,269,269
53-22_F11.fsa,227,229,145,147,235,241,151,151,185,188,263,265,348,356,240,250,152,152,279,283,269,269
53-23_G11.fsa,229,233,147,149,241,247,151,153,188,191,263,268,352,352,254,262,149,149,281,297,269,271
53-24_H11.fsa,225,227,147,147,237,241,151,151,179,188,263,263,360,364,274,276,146,149,269,277,269,269
53-25_A12.fsa,229,231,147,147,235,241,151,153,188,188,263,265,348,364,262,268,152,152,269,271,269,269
53-26_B12.fsa,227,229,147,149,237,249,151,151,185,188,263,263,344,352,260,270,146,152,279,285,269,269
53-27_C12.fsa,231,231,149,149,243,243,151,157,185,188,263,271,356,368,272,288,158,161,287,287,269,269
53-28_D12.fsa,229,229,147,165,247,249,151,155,188,188,263,271,344,352,262,288,149,149,279,289,263,269
53-29_E12.fsa,225,233,145,147,239,243,155,157,188,188,256,263,344,372,230,254,152,158,277,281,269,269
53-2_B09.fsa,229,233,147,149,249,249,151,159,188,188,263,271,348,356,270,272,155,170,281,283,263,269
53-30_F12.fsa,227,229,169,169,235,235,151,151,188,188,263,265,356,364,278,278,146,149,269,279,269,269
53-31_G12.fsa,231,231,147,149,241,241,155,155,185,185,263,271,356,364,232,262,152,161,277,285,269,269
53-32_H12.fsa,229,231,149,149,235,241,151,151,185,188,263,286,344,348,268,312,149,158,273,279,269,271
53-3_C09.fsa,231,233,147,147,241,247,155,155,188,188,263,263,352,360,268,294,158,164,279,281,269,269
53-4_D09.fsa,229,231,147,147,241,241,145,145,179,188,263,263,348,356,250,290,155,158,269,279,269,269
53-5_E09.fsa,229,231,147,147,241,247,151,151,182,188,263,268,344,348,280,280,152,155,0,0,269,269
53-6_F09.fsa,229,233,147,149,241,241,151,151,188,188,263,271,348,356,260,262,149,155,269,271,269,271
53-7_G09.fsa,229,231,147,147,239,241,151,155,191,191,263,263,352,364,252,280,152,158,271,287,269,269
53-8_H09.fsa,229,231,147,151,241,243,151,155,182,185,263,263,356,360,270,272,149,158,271,283,269,269
53-9_A10.fsa,231,233,147,149,235,247,145,149,179,185,263,263,348,352,254,276,149,158,271,283,269,269
8-24_F06.fsa,229,229,145,147,235,241,151,155,185,185,259,263,344,356,246,254,149,167,279,287,269,269
8-25_G06.fsa,229,229,147,149,237,243,155,155,188,194,256,263,344,356,246,262,152,155,277,277,269,269
8-26_H06.fsa,229,229,149,149,235,241,151,159,188,188,263,271,352,356,242,256,158,158,271,271,269,269
8-27_A07.fsa,229,233,141,147,239,241,151,151,188,188,263,263,344,352,268,276,152,158,277,279,269,269
8-28_B07.fsa,217,229,147,149,235,241,155,171,182,182,263,271,348,356,260,280,152,161,277,285,269,269
8-29_C07.fsa,229,229,147,149,235,243,151,153,188,188,271,271,348,364,270,288,149,149,0,0,269,269
8-30_D07.fsa,227,231,149,149,241,243,155,157,179,185,263,265,344,352,274,292,146,173,279,279,263,269
8-31_E07.fsa,227,231,149,151,241,241,151,157,179,179,256,263,344,368,252,270,152,155,283,285,269,269
8-32_F07.fsa,229,231,147,147,235,245,151,163,188,188,263,271,352,360,0,0,149,161,0,0,269,269
8-33_G07.fsa,231,233,145,147,237,243,155,157,188,188,259,259,348,360,268,294,164,167,279,283,263,269
8-34_H07.fsa,227,229,145,147,235,243,151,151,188,188,265,271,352,352,262,264,149,158,279,289,269,269
32-01,227,229,147,147,237,243,151,153,185,188,259,271,344,348,262,272,152,158,271,277,269,269
32-02,231,233,147,147,241,243,153,155,188,188,263,271,348,348,272,278,152,161,277,285,269,271
32-03,229,229,147,149,245,247,151,155,182,188,263,263,352,352,250,268,149,149,275,277,263,269
32-04,231,233,141,147,241,241,151,157,182,188,263,263,348,356,256,274,152,152,269,283,269,269
32-05,227,229,145,147,241,241,151,153,188,188,263,265,356,364,282,286,149,152,273,277,269,269
32-06,229,229,147,149,239,241,151,153,188,188,263,263,352,352,268,292,149,149,277,293,269,269
32-07,229,233,147,149,239,241,151,151,185,188,256,263,344,352,286,334,152,155,271,279,269,269
32-08,229,231,147,149,241,241,149,151,188,188,263,263,352,356,244,246,149,158,271,277,263,269
32-09,229,233,147,149,241,241,151,151,188,188,259,263,356,360,254,262,149,149,273,277,269,271
32-10,227,229,147,147,241,243,151,155,188,188,263,263,348,356,248,256,149,152,271,273,269,277
32-11,229,229,147,147,241,241,151,151,185,188,263,263,352,364,280,294,149,152,291,293,263,269
32-12,227,229,145,149,241,243,151,169,188,188,263,263,352,352,246,272,152,152,271,271,269,269
32-13,229,229,147,149,241,241,155,157,188,188,263,271,0,0,270,280,149,152,273,281,269,271
32-14,229,233,0,0,243,243,149,151,188,188,263,263,0,0,244,274,149,149,277,279,269,269
32-15,0,0,147,149,0,0,0,0,0,0,263,263,344,352,268,317,149,152,275,281,269,269
32-16,229,231,149,149,239,239,151,171,185,188,263,263,344,356,230,244,146,149,269,281,269,271
32-17,229,231,147,149,241,245,145,157,188,188,271,271,348,352,270,304,149,158,269,277,269,269
32-18,227,229,0,0,241,243,151,151,182,185,263,265,0,0,264,268,152,161,279,283,269,269
32-19,231,233,147,147,241,243,151,163,185,188,256,265,356,364,248,268,149,152,271,277,269,271
32-20,227,229,147,149,241,243,151,155,182,185,263,263,352,352,264,272,149,149,279,293,269,269
56-11,229,229,149,149,237,245,155,157,188,194,263,263,348,348,260,280,152,167,277,285,269,271
56-12,229,229,147,149,241,245,151,155,179,182,263,263,348,348,256,296,146,152,275,285,269,269
56-13,227,233,147,149,235,243,151,155,185,191,263,263,0,0,274,294,149,149,277,281,269,271
56-14,227,229,147,149,243,243,149,149,185,188,263,263,348,360,254,270,149,149,275,277,269,269
56-15,229,231,147,149,241,243,145,169,182,188,263,268,348,348,270,290,146,149,271,271,269,269
56-16,229,231,145,149,241,241,151,155,182,188,263,263,352,364,264,278,128,155,273,287,269,269
56-17,0,0,145,147,0,0,0,0,0,0,263,263,348,352,296,296,158,158,275,277,269,269
56-18,227,229,145,147,243,243,155,155,188,188,263,268,356,360,254,268,146,152,285,285,269,271
56-19,231,231,147,149,241,243,151,155,185,188,263,263,348,348,256,280,149,152,271,273,269,269
56-20,231,231,145,147,243,243,145,151,188,188,259,263,344,360,248,278,149,149,279,279,269,269
56-21,227,229,147,147,237,241,153,155,188,188,263,263,348,356,244,264,149,149,271,279,269,271
56-22,227,233,147,149,241,241,155,155,188,188,263,265,348,364,244,256,152,158,275,281,269,271
56-23,225,229,147,149,235,241,151,153,185,197,268,271,348,352,258,264,149,152,273,293,269,269
56-24,231,233,147,149,241,245,149,151,185,194,263,263,352,360,256,270,149,158,277,285,269,269
56-25,227,229,147,149,0,0,151,153,188,188,263,263,0,0,238,276,149,158,273,287,269,269
56-26,229,229,147,147,243,247,151,155,188,188,263,265,352,372,256,268,146,167,281,283,269,269
56-27,229,229,141,149,235,247,151,155,185,188,263,263,356,368,238,264,149,158,271,287,263,269
56-28,229,229,147,149,241,241,151,153,182,188,263,263,352,356,254,274,152,155,273,283,269,269
56-29,0,0,149,149,0,0,0,0,179,182,265,271,364,364,260,264,149,158,271,279,269,269
56-30,0,0,149,149,239,243,145,151,188,191,263,268,0,0,0,0,128,146,283,285,274,280
56-31,229,231,147,147,237,241,151,159,179,188,263,263,352,352,244,270,149,152,275,281,269,269
56-32,229,231,147,149,241,243,151,155,185,191,263,271,348,352,256,274,146,149,277,285,269,269